{
  "id": "_hakit_sliders",
  "name": "_hakit_sliders",
  "metaData": {
    "name": "_hakit_sliders",
    "type": "app",
    "buildInfo": {
      "buildVersion": "0.0.0",
      "buildName": "@hakit/sliders"
    },
    "remoteEntry": {
      "name": "static/js/_hakit_sliders.d8c4b6f9.js",
      "path": "",
      "type": "var"
    },
    "types": {
      "path": "",
      "name": "",
      "zip": "",
      "api": ""
    },
    "globalName": "_hakit_sliders",
    "pluginVersion": "0.21.6",
    "prefetchInterface": false,
    "publicPath": "{{{_HAKIT_ASSET_PREFIX_}}}/"
  },
  "shared": [
    {
      "singleton": true,
      "requiredVersion": "^*",
      "shareScope": "default",
      "eager": false,
      "import": false,
      "name": "react/jsx-runtime",
      "version": "*",
      "id": "_hakit_sliders:react/jsx-runtime",
      "assets": {
        "js": {
          "async": [],
          "sync": []
        },
        "css": {
          "async": [],
          "sync": []
        }
      },
      "usedIn": []
    },
    {
      "singleton": true,
      "requiredVersion": "^*",
      "shareScope": "default",
      "eager": false,
      "import": false,
      "name": "react",
      "version": "*",
      "id": "_hakit_sliders:react",
      "assets": {
        "js": {
          "async": [],
          "sync": []
        },
        "css": {
          "async": [],
          "sync": []
        }
      },
      "usedIn": [
        "./HeroSlider"
      ]
    },
    {
      "singleton": true,
      "requiredVersion": "^*",
      "shareScope": "default",
      "eager": false,
      "import": false,
      "name": "@emotion/react",
      "version": "*",
      "id": "_hakit_sliders:@emotion/react",
      "assets": {
        "js": {
          "async": [],
          "sync": []
        },
        "css": {
          "async": [],
          "sync": []
        }
      },
      "usedIn": [
        "./HeroSlider"
      ]
    },
    {
      "singleton": true,
      "requiredVersion": "^*",
      "shareScope": "default",
      "import": false,
      "shareKey": "@hakit/addon/components",
      "packageName": "@hakit/addon/components",
      "name": "@hakit/addon/components",
      "version": "*",
      "eager": false,
      "id": "_hakit_sliders:@hakit/addon/components",
      "assets": {
        "js": {
          "async": [],
          "sync": []
        },
        "css": {
          "async": [],
          "sync": []
        }
      },
      "usedIn": [
        "./HeroSlider"
      ]
    },
    {
      "singleton": true,
      "requiredVersion": "^*",
      "shareScope": "default",
      "eager": false,
      "import": false,
      "name": "lucide-react",
      "version": "*",
      "id": "_hakit_sliders:lucide-react",
      "assets": {
        "js": {
          "async": [],
          "sync": []
        },
        "css": {
          "async": [],
          "sync": []
        }
      },
      "usedIn": [
        "./HeroSlider"
      ]
    },
    {
      "singleton": true,
      "requiredVersion": "^*",
      "shareScope": "default",
      "import": false,
      "shareKey": "@hakit/addon/utils",
      "packageName": "@hakit/addon/utils",
      "name": "@hakit/addon/utils",
      "version": "*",
      "eager": false,
      "id": "_hakit_sliders:@hakit/addon/utils",
      "assets": {
        "js": {
          "async": [],
          "sync": []
        },
        "css": {
          "async": [],
          "sync": []
        }
      },
      "usedIn": [
        "./HeroSlider"
      ]
    },
    {
      "singleton": true,
      "requiredVersion": "^*",
      "shareScope": "default",
      "eager": false,
      "import": false,
      "name": "zustand",
      "version": "*",
      "id": "_hakit_sliders:zustand",
      "assets": {
        "js": {
          "async": [],
          "sync": []
        },
        "css": {
          "async": [],
          "sync": []
        }
      },
      "usedIn": []
    },
    {
      "singleton": true,
      "requiredVersion": "^*",
      "shareScope": "default",
      "eager": false,
      "import": false,
      "name": "react-dom",
      "version": "*",
      "id": "_hakit_sliders:react-dom",
      "assets": {
        "js": {
          "async": [],
          "sync": []
        },
        "css": {
          "async": [],
          "sync": []
        }
      },
      "usedIn": []
    }
  ],
  "remotes": [],
  "exposes": [
    {
      "path": "./HeroSlider",
      "id": "_hakit_sliders:HeroSlider",
      "name": "HeroSlider",
      "requires": [
        "react",
        "@emotion/react",
        "@hakit/addon/components",
        "lucide-react",
        "@hakit/addon/utils"
      ],
      "file": "src/components/HeroSlider/index.tsx",
      "assets": {
        "js": {
          "sync": [
            "static/js/vendor/vendor-0.js",
            "static/js/vendor/vendor-1.js",
            "static/js/vendor/vendor-2.js",
            "static/js/async/__federation_expose_HeroSlider.1e3e9e9c.js"
          ],
          "async": []
        },
        "css": {
          "sync": [],
          "async": []
        }
      }
    }
  ]
}